file,gridworld_example.csv
gamma,0.5
iterations,4
utilities
A,1.905462412222304687500000000
B,-0.2097538679281389517578125000
C,0.8306727969150070886132812500
D,0.3310262936386423484443359375
E,0.9679624122223046875000000000
policy
A,North
B,North
C,North
D,South
E,South
